16 Accords of Madness, v. IX;;
16 Accords of Madness, v. VI;;
16 Accords of Madness, v. XII;;
2920, Evening Star, v12;;
2920, First Seed, v3;;
2920, Frostfall, v10;Skill Book;Conjuration
2920, Hearth Fire, v9;Skill Book;Conjuration
2920, Last Seed, v8;Skill Book;Sneak
2920, MidYear, v6;Skill Book;Heavy Armor
2920, Morning Star, v1;Skill Book;One-Handed
2920, Rain's Hand, v4;Skill Book;Restoration
2920, Second Seed, v5;Skill Book;Speech
2920, Sun's Dawn, v2;Skill Book;Illusion
2920, Sun's Dusk, v11;;
2920, Sun's Height, v7;;
A Children's Anuad;;
A Dance in Fire, v1;;
A Dance in Fire, v2;Skill Book;Block
A Dance in Fire, v3;;
A Dance in Fire, v4;;
A Dance in Fire, v5;;
A Dance in Fire, v6;Skill Book;Speech
A Dance in Fire, v7;Skill Book;Speech
A Dream of Sovngarde;;
A Game at Dinner;Skill Book;Alchemy
A Gentleman's Guide to Whiterun;;
A Hypothetical Treachery;Skill Book;Destruction
A Kiss, Sweet Mother;;
A Letter to Selina I;Letters / Notes;
A Letter to Selina II;Letters / Notes;
A Letter to Selina III;Letters / Notes;
A Letter to Selina IV;Letters / Notes;
A Minor Maze;;
A Mysterious Note;Letters / Notes;
A Mysterious Note;Letters / Notes;
A Mysterious Note;Letters / Notes;
A Mysterious Note;Letters / Notes;
A Note;Letters / Notes;
A Scrawled Note;Letters / Notes;
A Tragedy in Black;Skill Book;Enchanting
A Warning;Letters / Notes;
Admonition Against Ebony;Journal;
Adonato's Book;;
Adril's Survey Results;Letters / Notes;
Advances in Lockpicking;Skill Book;Lockpicking
Adventurer's Journal;;
Aedra and Daedra;;
Aeri's Note;Letters / Notes;
Aevar Stone-Singer;Skill Book;Pickpocket
Afflicted's Note;Letters / Notes;
Agrius's Journal;Journal;
Ahzidal's Descent;;
Ahzirr Traajijazeri;;
Aicantar's Lab Journal;Journal;
Alchemist's Journal;Journal;Variant 2
Alchemist's Journal;Journal;Variant 1
Alchemist's Note;Letters / Notes;
Alduin is Real;;
Alethius' Notes;;
All Employees Must Read!;Letters / Notes;
Alva's Journal;Journal;
Amaund Motierre's Sealed Letter;Letters / Notes;
Amongst the Draugr;;
An Accounting of the Scrolls;;
An Apology;Letters / Notes;
An Explorer's Guide to Skyrim;;
Ancestors and the Dunmer;;
Ancient Edict;Letters / Notes;
Anders' Message;;
Anise's Letter;Letters / Notes;
Annals of the Dragonguard;;
Anonymous Letter;Letters / Notes;
Antecedents of Dwemer Law;;
Arcana Restored;;
Argonian Account, Book I;;
Argonian Account, Book II;;
Argonian Account, Book III;;
Argonian Account, Book IV;;
Argonian Ceremony;Letters / Notes;
Arondil's Journal, Part 1;Journal;
Arondil's Journal, Part 2;Journal;
Arondil's Journal, Part 3;Journal;
Arondil's Journal, Part 4;Journal;
Arvel's Journal;Journal;
Atlas of Dragons;;
Atronach Forge Manual;Journal;Recipes that can be used at the Atronach Forge.
Attention Employees!;Letters / Notes;
Azura and the Box;;
Balmora Blue Note;Letters / Notes;
Bandit Leader's Journal;Journal;
Bandit's Journal;Journal;Variant 2
Bandit's Journal;Journal;Variant 1
Bane of the Undead;Spell Tome;Restoration
Banish Daedra;Spell Tome;Conjuration
Battle of Red Mountain;Skill Book;Block
Battle of Sancre Tor;Skill Book;Two-Handed
Before the Ages of Man;Skill Book;Illusion
Beggar;Skill Book;Pickpocket
Beggar Prince;;
Beware the Butcher!;Letters / Notes;
Biography of Barenziah, v1;;
Biography of Barenziah, v2;;
Biography of Barenziah, v3;;
Biography of the Wolf Queen;Skill Book;Speech
Blizzard;Spell Tome;Destruction
Blood Horker Orders;Letters / Notes;
Bloodstained Letter;Letters / Notes;
Bloodstained Note;Letters / Notes;
Boethiah's Glory;;
Boethiah's Proving;;"Starts Quest ""Boethiah's Calling"""
Bolar's Writ;Letters / Notes;
Bone, Part I;;
Bone, Part II;;
Bonemold Formula;Letters / Notes;
Bound Battleaxe;Spell Tome;Conjuration
Bound Bow;Spell Tome;Conjuration
Bound Sword;Spell Tome;Conjuration
Bounty;Letters / Notes;
Bounty (Bandit Leader);;
Bounty (Dragon);;
Bounty (Forsworn Leader);;
Bounty (Giant);;
Breathing Water;Skill Book;Alteration
Brief History of the Empire, v1;;
Brief History of the Empire, v2;;
Brief History of the Empire, v3;;
Brief History of the Empire, v4;;
Brothers of Darkness;;
Butcher Journal;Journal;Variant 1
Butcher Journal #1;Journal;Variant 2
Butcher Journal #2;Journal;Variant 3
Call to Arms;Spell Tome;Illusion
Calm;Spell Tome;Illusion
Candlelight;Spell Tome;Alteration
Catalogue of Armor Enchantments;Skill Book;Enchanting
Catalogue of Weapon Enchantments;Skill Book;Enchanting
Cats of Skyrim;;
Chain Lightning;Spell Tome;Destruction
Chance's Folly;;
Changed Ones;;
Charwich Koniinge Letters, v1;;
Charwich Koniinge Letters, v2;;
Charwich Koniinge Letters, v3;;
Charwich Koniinge Letters, v4;;
Chaurus Pie: A Recipe;;
Cherim's Heart;Skill Book;Smithing
Children of the All-Maker;;
Children of the Sky;;
Chimarvamidium;Skill Book;Heavy Armor
Chronicles of Nchuleft;;
Cicero's Journal - Final Volume;Journal;
Cicero's Journal - Volume 1 ;Journal;
Cicero's Journal - Volume 2;Journal;
Cicero's Journal - Volume 3;Journal;
Cicero's Journal - Volume 4;Journal;
Circle of Protection;Spell Tome;Restoration
Clairvoyance;Spell Tome;Illusion
Cleansing of the Fane;;
Close Wounds;Spell Tome;Restoration
Command Daedra;Spell Tome;Conjuration
Commander's Note;Letters / Notes;
Complaint Letter;Letters / Notes;
Confessions of a Dunmer Skooma Eater;;
Confessions of a Khajiit Fur Trader;;
Conjure Ash Guardian;Spell Tome;Conjuration
Conjure Dremora Lord;Spell Tome;Conjuration
Conjure Familiar;Spell Tome;Conjuration
Conjure Flame Atronach;Spell Tome;Conjuration
Conjure Flaming Familiar;Spell Tome;Conjuration
Conjure Frost Atronach;Spell Tome;Conjuration
Conjure Storm Atronach;Spell Tome;Conjuration
Contract;Letters / Notes;
Cook's Journal;Journal;
Corpse Note;Letters / Notes;
Courage;Spell Tome;Illusion
Courier's Letter;Letters / Notes;
Cultists' Orders;Letters / Notes;
Dark Brotherhood Assassin's Note;Letters / Notes;
Darkest Darkness;;
Daughter of the Niben;Skill Book;Alteration
Daynas Valen's Journal;Journal;
Daynas Valen's Notes;Journal;
De Rerum Dirennis;Skill Book;Alchemy
Dead Thrall;Spell Tome;Conjuration
Dearest Dinya;Letters / Notes;
Death Blow of Abernanit;Skill Book;Block
Death of a Wanderer;;
Deathbrand;;
Declaration of War;Letters / Notes;
Decree of Monument;Journal;
Detect Dead;Spell Tome;Alteration
Detect Life;Spell Tome;Alteration
Diary of Faire Agarwen;;
Discovering Ruunvald, Vol. I;;
Discovering Ruunvald, Vol. II;;
Discovering Ruunvald, Vol. III;;
Discovering Ruunvald, Vol. IV;;
Dragon Investigation: Current Status;Letters / Notes;
Dragon Language: Myth no More;;
Dragonhide;Spell Tome;Alteration
Dread Zombie;Spell Tome;Conjuration
Dryston's Note;Letters / Notes;
Dunmer of Skyrim;;
Dwarves, v1;;
Dwarves, v2;;
Dwarves, v3;;
Dwemer History and Culture;;
Dwemer Inquiries Vol I;;
Dwemer Inquiries Vol II;;
Dwemer Inquiries Vol III;;
East Empire Connection;Letters / Notes;
Ebonyflesh;Spell Tome;Alteration
Effects of the Elder Scrolls;;
Eisa's Journal;Journal;
Eltrys' Note;Letters / Notes;
Enchanter's Primer;Skill Book;Enchanting
Endrast's Journal;Journal;
Epistolary Acumen;Black Book;Dragonborn Force, Dragonborn Flame, Dragonborn Frost
Equilibrium;Spell Tome;Alteration
Erj's Notes;Journal;
Expedition Manifest;Journal;
Expel Daedra;Spell Tome;Conjuration
Eydis's Journal;;
Eyes Open;Letters / Notes;
Faded Diary;Journal;
Faendal's Fake Letter From Sven;Letters / Notes;
Faleen's Letter to Calcelmo;Letters / Notes;
Fall From Glory;;
Fall of the Snow Prince;;
Faralda's Notes;Letters / Notes;
Fast Healing;Spell Tome;Restoration
Father of the Niben;Skill Book;Archery
Father's Missive;Letters / Notes;
Fear;Spell Tome;Illusion
Feyfolken I;;
Feyfolken II;;
Feyfolken III;;
Filament and Filigree;Black Book;Secret of Arcana, Secret of Protection, Secret of Strength
Final Lesson;;
Fire and Darkness;Skill Book;One-Handed
Fire Rune;Spell Tome;Destruction
Fire Storm;Spell Tome;Destruction
Fireball;Spell Tome;Destruction
Firebolt;Spell Tome;Destruction
First Letter from EEC;Letters / Notes;
First Letter from Linwe;Letters / Notes;
Fisherman's Journal;Journal;Variant 2
Fisherman's Journal;Journal;Variant 1
Five Songs of King Wulfharth;;
Flame Cloak;Spell Tome;Destruction
Flame Thrall;Spell Tome;Conjuration
Flames;Spell Tome;Destruction
Flight from the Thalmor;;
For Shelly;Letters / Notes;
Forge, Hammer and Anvil;;
Forsworn Missive;Letters / Notes;
Forsworn Note;Letters / Notes;Variant 2
Forsworn Note;Letters / Notes;Variant 1
Fort Neugrad Treasure Map;Treasure Map;
Fragment: On Artaeum;;
Frenzy;Spell Tome;Illusion
Frontier, Conquest;;
Frost Cloak;Spell Tome;Destruction
Frost Rune;Spell Tome;Destruction
Frost Thrall;Spell Tome;Conjuration
Frostbite;Spell Tome;Destruction
Frost's Identity Papers;Letters / Notes;
Fury;Spell Tome;Illusion
Gaius Maro's Schedule;Letters / Notes;
Galerion The Mystic;;
Gallus's Encoded Journal;Journal;
Gallus's Journal;;
Geirmund's Epitaph;Letters / Notes;
Ghosts in the Storm;;
Gissur's Note;Letters / Notes;
Give Me a Chance;Letters / Notes;
Glories and Laments;;
Glover's Letter;Letters / Notes;
Gods and Worship;;
Goldenglow;Letters / Notes;
Goldenglow Bill of Sale;Letters / Notes;Variant 2
Goldenglow Bill of Sale;Letters / Notes;Variant 1
Gorm's Letter;Letters / Notes;
Gourmet's Writ of Passage;Letters / Notes;
Grand Healing;Spell Tome;Restoration
Gratian's Journal;;
Gratian's Letter;Letters / Notes;
Great Harbringers;;
Greater Ward;Spell Tome;Restoration
Guardian Circle;Spell Tome;Restoration
Guard's Orders;Letters / Notes;
Guide to Better Thieving;Skill Book;Pickpocket
Gulum-Ei's Confession;Letters / Notes;
Habd's Death Letter;Letters / Notes;
Habd's Journal;Journal;
Hajvarr's Journal;Journal;
Hallgerd's Tale;Skill Book;Heavy Armor
Hamelyn's Journal;Journal;
Hand-written Note;Letters / Notes;
Hargar's Journal;Journal;
Harmony;Spell Tome;Illusion
Harvesting Frostbite Spider Venom;;
Hastily Scribbled Note;Letters / Notes;
Have Need of Cynric;Letters / Notes;Variant 2
Have Need of Cynric;Letters / Notes;Variant 1
Heal Other;Spell Tome;Restoration
Healing;Spell Tome;Restoration
Healing Hands;Spell Tome;Restoration
Heavy Armor Forging;Skill Book;Smithing
Heddic's Volunruud Notes;Journal;
Herbalist's Guide to Skyrim;Skill Book;Alchemy
Herbane's Bestiary: Automatons;;
Herbane's Bestiary: Hagravens;;
Herbane's Bestiary: Ice Wraiths;;
Hired Thug's Missive;Letters / Notes;
History of Raven Rock, Vol. I;;
History of Raven Rock, Vol. II;;
History of Raven Rock, Vol. III;;
Holdings of Jarl Gjalund;Journal;
Horker Attacks;;
Horror of Castle Xyr;Skill Book;Destruction
House Redoran's Reply;Letters / Notes;
Hrodulf's Journal;;
Hunter's Journal;Journal;Variant 1
Hunter's Journal;Journal;Variant 2
Hysteria;Spell Tome;Illusion
Ice and Chitin;Skill Book;Light Armor
Ice Spike;Spell Tome;Destruction
Ice Storm;Spell Tome;Destruction
Icy Spear;Spell Tome;Destruction
Idgrod's Note;Letters / Notes;
Ildari's Journal;;
Ildari's Journal, vol. I;;
Ildari's Journal, vol. II;;
Ildari's Journal, vol. III;;
Immortal Blood;;
Imperial Condolences;Letters / Notes;
Imperial Letter;Letters / Notes;
Imperial Missive;Letters / Notes;Variant 2
Imperial Missive;Letters / Notes;Variant 1
Imperial Report on Saarthal;;
Incident in Necrom;Skill Book;Illusion
Incinerate;Spell Tome;Destruction
Incriminating Letter;Letters / Notes;Variant 1
Incriminating Letter;Letters / Notes;Variant 2
Invisibility;Spell Tome;Illusion
Invitation to Elenwen's Reception;Letters / Notes;
Invocation of Azura;;
Ironflesh;Spell Tome;Alteration
Isabelle's Letter;Letters / Notes;
Japhet's Journal;Journal;
J'datharr's Note;Letters / Notes;
Jornibret's Last Dance;Skill Book;Light Armor
Journal;Journal;Variant 2
Journal;Journal;Variant 3
Journal;Journal;Variant 1
Journal of a Madman;Letters / Notes;
Journal of Drokt;Journal;
Journal of Mirtil Angoth;;
Justiciar Execution Order;Letters / Notes;
J'zhar's Journal;Journal;
Karan's Journal;Journal;
Katria's Journal;;
Killing - Before You're Killed;;
King;Skill Book;Two-Handed
King Olaf's Verse;;
Kodlak's Journal;Journal;
Kolb & the Dragon;;
Krag's Journal;Journal;
Kyr's Bounty;Letters / Notes;
Kyr's Log;Journal;
Last King of the Ayleids;;
Last Scabbard of Akrash;Skill Book;Smithing
Legend of Krately House;Skill Book;Sneak
Lesser Ward;Spell Tome;Restoration
Letter;Letters / Notes;
Letter;Letters / Notes;
Letter from <enemy>;Letters / Notes;
Letter from a Friend;Letters / Notes;
Letter from Calcelmo;;
Letter from Christophe;Letters / Notes;
Letter from Falk Firebeard;Letters / Notes;
Letter from Father;Letters / Notes;
Letter from Maven;Letters / Notes;
Letter from Olfina;Letters / Notes;
Letter from Quintus Navale;Letters / Notes;
Letter from Ralis Sedarys;Letters / Notes;
Letter from Ralis Sedarys 2;Letters / Notes;
Letter from Ralis Sedarys 3;Letters / Notes;
Letter from Ralis Sedarys 4;Letters / Notes;
Letter from Sabjorn;Letters / Notes;
Letter from Septimus Signus;Letters / Notes;
Letter from Solitude;Letters / Notes;
Letter from the Steward;Letters / Notes;
Letter of Credit;Letters / Notes;
Letter of Inheritance;Letters / Notes;
Letter to Beem-Ja;Letters / Notes;
Letter to Golldir;Letters / Notes;
Letter to Imperial City;Letters / Notes;
Letter to Salma;Letters / Notes;
Letter to Usha;Letters / Notes;
Life of Uriel Septim VII;;
Light Armor Forging;Skill Book;Smithing
Lightning Bolt;Spell Tome;Destruction
Lightning Cloak;Spell Tome;Destruction
Lightning Rune;Spell Tome;Destruction
Lightning Storm;Spell Tome;Destruction
Liminal Bridges;Skill Book;Conjuration
Lives of the Saints;;
Lorcalin's Orders;Letters / Notes;
Lost Legends;;"Starts Quest ""Forbidden Legend"""
Love Poem;;
Lu-ah's Journal;Journal;
Lusty Argonian Maid Folio;;
Lycanthropic Legends of Skyrim;;
Lymdrenn Tenvanni's Journal;Journal;
Mace Etiquette;Skill Book;One-Handed
Madanach's Note;Letters / Notes;
Magelight;Spell Tome;Alteration
Magic from the Sky;;
Maluril's Journal;Journal;
Malyn Varen's Grimoire;Journal;
Mani's Letter;Letters / Notes;
Mannimarco, King of Worms;Skill Book;Alchemy
Many Thanks;Letters / Notes;
Mara Smiles Upon You!;Letters / Notes;
Margret's Journal;Journal;
Markarth Home Decorating Guide;;
Mass Paralysis;Spell Tome;Alteration
Master Illusion Text;;
Master Illusion Text;;
Master Illusion Text;;
Master Illusion Text;;
Mayhem;Spell Tome;Illusion
Medresi's Notes;Journal;
Merchant's Journal;Journal;
Merilar's Journal;;
Midden Incident Report;Journal;
Miner's Journal;Journal;
Minorne;;
Mireli's Letter to Mother;Letters / Notes;
Mixed Unit Tactics;;
Mogrul's Orders;Letters / Notes;
Muffle;Spell Tome;Illusion
Museum Pamphlet;Letters / Notes;
Mysterious Akavir;;
Mysterious Note (Dark Brotherhood);;
Mysterious Note (Delphine);;
Mystery of Talara, Part 4;Skill Book;Illusion
Mystery of Talara, v 2;Skill Book;Restoration
Mystery of Talara, v1;;
Mystery of Talara, v3;Skill Book;Destruction
Mystery of Talara, v5;;
Mythic Dawn Commentaries 1;;
Mythic Dawn Commentaries 2;;
Mythic Dawn Commentaries 3;;
Mythic Dawn Commentaries 4;;
Myths of Sheogorath;;
Mzinchaleft Work Order;Letters / Notes;
Nchunak's Fire and Faith;;
Necromancer's Letter;Letters / Notes;
Nepos' Journal;Journal;
Nerevar at Red Mountain;;
Nerevar Moon and Star;;
N'Gasta! Kvata! Kvakis!;;
Night FAlls on Sentinel;Skill Book;One-Handed
Night of Tears;;
Nightingales: Fact or Fiction?;;
No Word Yet;Letters / Notes;
Nords Arise!;;
Nords of Skyrim;;
Note;Letters / Notes;
Note;Letters / Notes;
Note;Letters / Notes;
Note;Letters / Notes;
Note;Letters / Notes;
Note;Letters / Notes;
Note from Agna;Letters / Notes;
Note from Jaree-Ra;Letters / Notes;
Note from Maven;Letters / Notes;
Note from Mogrul;Letters / Notes;
Note to Rhorlak;Letters / Notes;
Note to Rodulf;Letters / Notes;
Note to the Authorities;Letters / Notes;
Note to Thomas;Letters / Notes;
Notes on Dimhollow Crypt, Vol.3;;
Notes on the Lunar Forge;Journal;
Notes on Yngol Barrow;Journal;
Notice;Letters / Notes;
Notice of Cost Increase;Letters / Notes;
Nystrom's Journal;Journal;
Oakflesh;Spell Tome;Alteration
Ode to the Tundrastriders;;
Of Crossed Daggers;;
Of Fjori and Holgeir;;
Official Warning;Letters / Notes;
Oghma Infinium;;
Olaf and the Dragon;;
Old Tome;Journal;
On Apocrypha: Boneless Limbs;;
On Apocrypha: Delving Pincers;;
On Apocrypha: Gnashing Blades;;
On Apocrypha: Prying Orbs;;
On Oblivion;;
On Stepping Lightly;;
On the Great Collapse;;
Opusculus Lamae Bal;;
Orders;Letters / Notes;
Orsinium and the Orcs;Skill Book;Heavy Armor
Pacify;Spell Tome;Illusion
Palla, Volume 1;;
Palla, Volume 2;;
Paralyze;Spell Tome;Alteration
Pension of the Ancestor Moth;;
Per Your Requests;Letters / Notes;
Physicalities of Werewolves;;
Pirate King of the Abecean;;
Possible Rivals;Letters / Notes;
Posted Notice;Letters / Notes;
Power of the Elements;;
Prisoner's Plan;Letters / Notes;
Private Letter;Letters / Notes;
Promissory Note;Letters / Notes;
Proper Lock Design;Skill Book;Lockpicking
Purchase Agreement;Letters / Notes;
Purchase Agreement;Letters / Notes;
Purloined Shadows;Skill Book;Pickpocket
Quite Pleased;Letters / Notes;
Racial Phylogeny;Skill Book;Restoration
Rahgot's Reply;Letters / Notes;
Raise Zombie;Spell Tome;Conjuration
Ra'jirr's Note;Letters / Notes;
Raleth Eldri's Notes on Kagrumez;;
Rally;Spell Tome;Illusion
Ramati's Journal;Journal;
Reality & Other Falsehoods;Skill Book;Alteration
Reanimate Corpse;Spell Tome;Conjuration
Red Eagle's Rite;Journal;
Regarding Your Loss;Letters / Notes;
Remanada;;
Repair Supplies;Letters / Notes;
Repel Lesser Undead;Spell Tome;Restoration
Repel Undead;Spell Tome;Restoration
Report: Disaster at Ionith;;
Reports of a Disturbance;Letters / Notes;
Request for Help!;Letters / Notes;
Request from;Letters / Notes;
Requested Report;Letters / Notes;
Research Log;Journal;
Research Notes;Journal;
Response to Bero's Speech;Skill Book;Destruction
Revenant;Spell Tome;Conjuration
Riften Home Decorating Guide;;
Rigel's Letter;Letters / Notes;
Rising Threat, Vol. I;;
Rising Threat, Vol. II;;
Rising Threat, Vol. III;;
Rising Threat, Vol. IV;;
Rislav the Righteous;Skill Book;Light Armor
Rogatus' Letter;;
Roras' Letter;;
Rout;Spell Tome;Illusion
Ruined Trailbook;Journal;
Ruins of Kemel-Ze;;
Ruminations on the Elder Scrolls;;
Runil's Journal;Journal;
Sacred Witness;Skill Book;Sneak
Saden's Journal;;
Saint Jiub's Opus;;
Scourge of the Gray Quarter;;
Scrawled Note;Letters / Notes;
Scrawled Page;Letters / Notes;
Scribbles of a Madman;Letters / Notes;
Second Letter from EEC;Letters / Notes;
Second Letter from Linwe;Letters / Notes;
Servos' Journal;;
Shadowmarks;;
Shalidor's Insights;;
Shavari's Note;Letters / Notes;
Shezarr and the Divines;;
Shipment's Arrived;Letters / Notes;
Shipment's Ready;Letters / Notes;
Shopping List;Letters / Notes;
Short History of Morrowind;;
Sibbi Black-Briar;Letters / Notes;
Sild's Journal;Journal;
Sinderion's Field Journal;Journal;"Starts Quest ""A Return To Your Roots"""
Sithis;Skill Book;Alteration
Skorm Snow-Strider's Journal;Journal;
Skyrim's Rule;;
Small Note;Letters / Notes;
Smuggler's Journal;Journal;
Smugglers' Note;Letters / Notes;
Soldier's Request;Letters / Notes;
Solitude Home Decorating Guide;;
Sondas' Note;;
Song of Hrormir;Skill Book;Two-Handed
Song of the Alchemists;Skill Book;Alchemy
Song of the Askelde Men;;
Songs of Skyrim;;
Songs of Skyrim: Revised;;
Songs of the Return, Vol 19;;
Songs of the Return, Vol 2;;
Songs of the Return, Vol 24;;
Songs of the Return, Vol 56;;
Songs of the Return, Vol 7;;
Soul Trap;Spell Tome;Conjuration
Souls, Black and White;;
Sovngarde: A Reexamination;;
Sparks;Spell Tome;Destruction
Spider Experiment Notes;;
Spirit of Nirn;;
Spirit of the Daedra;;
Staubin's Diary;Journal;
Steadfast Ward;Spell Tome;Restoration
Stoneflesh;Spell Tome;Alteration
Storm Thrall;Spell Tome;Conjuration
Stormcloak Missive;Letters / Notes;
Stormcloak Missive;Letters / Notes;
Stromm's Diary;Journal;
Sudi's Journal;Journal;
Sulla's Journal;Journal;
Surfeit of Thieves;Skill Book;Lockpicking
Suvaris Atheron's Logbook;Journal;
Sven's Fake Letter from Faendal;Letters / Notes;
Tattered Journal;Journal;Variant 1
Tattered Journal;Journal;Variant 2
Tattered Note;Letters / Notes;
Telekinesis;Spell Tome;Alteration
Thalmor Dossier: Delphine;Journal;
Thalmor Dossier: Esbern;Journal;
Thalmor Dossier: Ulfric Stormcloak;Journal;
Thalmor Orders;Letters / Notes;
The “Madmen” of the Reach;;
The Adabal-a;;
The Aetherium Wars;;"Starts Quest ""Lost to the Ages"""
The Alduin/Akatosh Dichotomy;;
The Amulet of Kings;;
The Anticipations;;
The Apprentice's Assistant;;
The Arcturian Heresy;;
The Armorer's Challenge;Skill Book;Smithing
The Art of War Magic;Skill Book;Destruction
The Axe Man;;
The Battle of Red Mountain;;
The Bear of Markarth;;
The Beginner's Guide to Homesteading;;
The Betrayed;;
The Black Arrow, v1;;
The Black Arrow, v2;Skill Book;Archery
The Black Arts on Trial;Skill Book;Illusion
The Book of Daedra;;
The Book of Fate;;
The Book of Life and Service;;
The Book of the Dragonborn;;
The Buying Game;Skill Book;Speech
The Cabin in the Woods;;
The Cake and the Diamond;;
The City of Stone;;
The Code of Malacath;;
The Doors of Oblivion;Skill Book;Conjuration
The Doors of the Spirit;;
The Dowry;;
The Dragon Break;;
The Dragon War;;
The Dreamstride;;
The Exodus;Skill Book;Restoration
The Falmer: A Study;;
The Firmament;;
The Firsthold Revolt;;
The Five Far Stars;;
The Four Totems of Volskygge;;
The Gold Ribbon of Merit;Skill Book;Archery
The Great War;;
The Guardian and the Traitor;;
The Hidden Twilight;Black Book;Mora's Agony, Mora's Boon, Mora's Grasp
The Holds of Skyrim;;
The Hope of the Redoran;;
The House of Troubles;;
The Importance of Where;Skill Book;One-Handed
The Journal of Ralis Sedarys - Volume 19;;
The Journal of Ralis Sedarys - Volume 20;;
The Journal of Ralis Sedarys - Volume 21;;
The Journal of Ralis Sedarys - Volume 22;;
The Journal of Ralis Sedarys - Volume 23;;
The Keepers of the Razor;Journal;
The Knights of the Nine;Skill Book;Heavy Armor
The Last King of the Ayleids;;
The Legend of Red Eagle;;"Starts Quest ""Find Red Eagle's sword"""
The Legendary Sancre Tor;Skill Book;Two-Handed
The Legendary Scourge;;
The Locked Room;Skill Book;Lockpicking
The Lunar Lorkhan;Skill Book;Alteration
The Lusty Argonian Maid, v1;;
The Lusty Argonian Maid, v2;;
The Madness of Pelagius;;
The Marksmanship Lesson;Skill Book;Archery
The Mirror;Skill Book;Block
The Monomyth;;
The Night Mother's Truth;;
The Nightingales Vol. 1;;
The Nightingales Vol. 2;;
The Nirnroot Missive;;
The Oblivion Crisis;;
The Old Ways;;
The Pig Children;;
The Poison Song, Book I;;
The Poison Song, Book II;;
The Poison Song, Book III;;
The Poison Song, Book IV;;
The Poison Song, Book V;;
The Poison Song, Book VI;;
The Poison Song, Book VII;;
The Posting of the Hunt;;
The Ransom of Zerek;;
The Real Barenziah, Book I;;
The Real Barenziah, Book II;;
The Real Barenziah, Book III;;
The Real Barenziah, Book IV;;
The Real Barenziah, Book V;;
The Rear Guard;Skill Book;Light Armor
The Reclamations;;
The Red Book of Riddles;;
The Red Kitchen Reader;Skill Book;Sneak
The Red Year, Vol I;;
The Red Year, Vol II;;
The Red Year, Vol. I;;
The Red Year, Vol. II;;
The Refugees;Skill Book;Light Armor
The Rise and Fall of the Blades;;
The Sallow Regent;Black Book;Seeker of Might, Seeker of Shadows, Seeker of Sorcery
The Seed;;
The Song of Pelinal, Book v1;;
The Song of Pelinal, Book v2;;
The Song of Pelinal, Book v3;;
The Song of Pelinal, Book v4;;
The Song of Pelinal, Book v5;;
The Song of Pelinal, Book v6;;
The Song of Pelinal, Book v7;;
The Song of Pelinal, Book v8;;
The Sultry Argonian Bard, v1;;
The Tale of Dro'Zira;;
The Talos Mistake;;
The Third Door;;
The Third Era Timeline;;
The Totems of Hircine;;
The True Nature of Orcs;;
The True Noble's Code;;
The Ulen Matter;Letters / Notes;
The Warmth of Mara;Letters / Notes;
The Warrior's Charge;Skill Book;Conjuration
The Waters of Oblivion;;
The Wild Elves;;
The Windhelm Letters;;
The Winds of Change;Black Book;Companion's Insight, Lover's Insight, Scholar's Insight
The Wispmother;;
The Wolf Queen, v1;Skill Book;Lockpicking
The Wolf Queen, v2;;
The Wolf Queen, v3;;
The Wolf Queen, v4;;
The Wolf Queen, v5;;
The Wolf Queen, v6;;
The Wolf Queen, v7;;
The Wolf Queen, v8;;
The Woodcutter's Wife;;
There Be Dragons;;
Thief;Skill Book;Pickpocket
Thief of Virtue;;
Thief's Last Words;Letters / Notes;
Things to Do;Letters / Notes;
Third Letter from EEC;Letters / Notes;
Thirsk, a Revised History;;
Thonar's Journal;Journal;
Three Thieves;Skill Book;Sneak
Thunderbolt;Spell Tome;Destruction
Timely Offer;Letters / Notes;
To a Concerned Citizen;Letters / Notes;
To Be Read Immediately!;;
To Milore from Nilara;Letters / Notes;
To the Brotherhood;Letters / Notes;
To the Owner;Letters / Notes;
Torkild's Letter to Wulf;Letters / Notes;
Torn Note;Letters / Notes;
Torn Note;Letters / Notes;
Touching the Sky;;
Tova's Farewell;Letters / Notes;
Training Chests;Letters / Notes;
Transmute Mineral Ore;Spell Tome;Alteration
Trap;;
Treasure Hunter's Note;Letters / Notes;
Treasure Map I;Treasure Map;
Treasure Map II;Treasure Map;
Treasure Map III;Treasure Map;
Treasure Map IV;Treasure Map;
Treasure Map IX;Treasure Map;
Treasure Map V;Treasure Map;
Treasure Map VI;Treasure Map;
Treasure Map VII;Treasure Map;
Treasure Map VIII;Treasure Map;
Treasure Map X;Treasure Map;
Treatise on Ayleidic Cities;;
Trials of St. Alessia;;
Troll Slaying;;
Turn Greater Undead;Spell Tome;Restoration
Turn Lesser Undead;Spell Tome;Restoration
Turn Undead;Spell Tome;Restoration
Twin Secrets;Skill Book;Enchanting
Ulfr's Book;Journal;
Ulyn's Journal;;
Umana's Journal;Journal;
Uncommon Taste;;
Uncommon Taste - Signed;;
Unknown Book, Vol. I;;
Unknown Book, Vol. II;;
Unknown Book, Vol. III;;
Unknown Book, Vol. IV;;
Unsent Afflicted Letter;Journal;
Until Next Time;Letters / Notes;
Untold Legends;Black Book;Bardic Knowledge, Black Market, Secret Servant
Urag's Note;Letters / Notes;
Vald's Debt;Letters / Notes;
Valerica's Journal;;
Valmir's Orders;Letters / Notes;
Varieties of Daedra;;
Varieties of Faith in the Empire;;
Velehk Sain's Treasure Map;Treasure Map;
Venarus Vulpin's Journal;;
Venarus Vulpin's Research;;
Vernaccus and Bourlor;Skill Book;Archery
Volk's Journal;;
Wabbajack;;
Waking Dreams;Black Book;Skill tree reset in exchange for one dragon soul.
Walking the World, Vol XI;;
Wall of Flames;Spell Tome;Destruction
Wall of Frost;Spell Tome;Destruction
Wall of Storms;Spell Tome;Destruction
War of the First Council;;
Warning;Letters / Notes;
Warrior;Skill Book;Block
Watcher of Stones;;
Watchtower Guard's Letter;Letters / Notes;
Waterbreathing;Spell Tome;Alteration
Weylin's Note;Letters / Notes;
Where were you when the Dragon Broke;;
Whiterun Home Decorating Guide;;
Wind and Sand;;
Windhelm Home Decorating Guide;;
Withershins;Skill Book;Restoration
Words and Philosophy;Skill Book;Two-Handed
Words of Clan Mother Ahnissi;;
Words of the Wind;;
Wraith's Wedding Dowry;;
Writ of Execution: <player>;Letters / Notes;
Writ of Sealing;Letters / Notes;
Writ of Sealing;Letters / Notes;
Writ of Sealing;Letters / Notes;
Wyndelius's Journal;Journal;
Yellow Book of Riddles;;
Yngol and the Sea-Ghosts;;
Ysolda's Message;Letters / Notes;
